student_number,school_number,first_name,last_name,email
5,8,Sheela,Ambrosine,Sheela.Ambrosine@Huston.isd
2,5,Cinderella,Ackerley,Cinderella.Ackerley@Huston.isd
6,2,Megan,Girand,Megan.Girand@Huston.isd
1,2,Zahara,Elah,Zahara.Elah@Huston.isd
0,3,Melessa,Gerhard,Melessa.Gerhard@Huston.isd
4,1,Casi,Cohlette,Casi.Cohlette@Huston.isd
7,6,Gillie,Sadoc,Gillie.Sadoc@Huston.isd
3,2,Nancy,Knowlton,Nancy.Knowlton@Huston.isd
9,4,Grazia,Joash,Grazia.Joash@Huston.isd
8,9,Milka,Zadoc,Milka.Zadoc@Huston.isd